"protein"	"start"	"peptide"	"is_antigenic"
"P0C0E1"	192	"GSGQFIPGFEDQLVG"	1
"P0C0E1"	193	"SGQFIPGFEDQLVGA"	1
"P0C0E1"	194	"GQFIPGFEDQLVGAK"	1
"P0C0E1"	195	"QFIPGFEDQLVGAKA"	1
"P0C0E1"	196	"FIPGFEDQLVGAKAG"	1
"P0C0E1"	197	"IPGFEDQLVGAKAGD"	1
"P0C0E1"	198	"PGFEDQLVGAKAGDE"	1
"P0C0E1"	199	"GFEDQLVGAKAGDEV"	1
"P0C0E1"	200	"FEDQLVGAKAGDEVE"	1
"P0C0E1"	201	"EDQLVGAKAGDEVEV"	1
"P0C0E1"	202	"DQLVGAKAGDEVEVN"	1
"P0C0E1"	203	"QLVGAKAGDEVEVNV"	1
"P0C0E1"	204	"LVGAKAGDEVEVNVT"	1
"P0C0E1"	205	"VGAKAGDEVEVNVTF"	1
"P0C0E1"	206	"GAKAGDEVEVNVTFP"	1
"P0C0E1"	242	"VKTKEVPELDDELAK"	1
"P0C0E1"	243	"KTKEVPELDDELAKD"	1
"P0C0E1"	244	"TKEVPELDDELAKDI"	1
"P0C0E1"	245	"KEVPELDDELAKDID"	1
"P0C0E1"	246	"EVPELDDELAKDIDE"	1
"P0C0E1"	247	"VPELDDELAKDIDED"	1
"P0C0E1"	248	"PELDDELAKDIDEDV"	1
"P0C0E1"	249	"ELDDELAKDIDEDVD"	1
"P0C0E1"	250	"LDDELAKDIDEDVDT"	1
"P0C0E1"	251	"DDELAKDIDEDVDTL"	1
"P0C0E1"	252	"DELAKDIDEDVDTLE"	1
"P0C0E1"	253	"ELAKDIDEDVDTLED"	1
"P0C0E1"	254	"LAKDIDEDVDTLEDL"	1
"P0C0E1"	255	"AKDIDEDVDTLEDLK"	1
"P0C0E1"	256	"KDIDEDVDTLEDLKV"	1
"P0C0I3"	22	"IIGNLVTANAESNKQ"	1
"P0C0I3"	23	"IGNLVTANAESNKQN"	1
"P0C0I3"	24	"GNLVTANAESNKQNT"	1
"P0C0I3"	25	"NLVTANAESNKQNTA"	1
"P0C0I3"	26	"LVTANAESNKQNTAS"	1
"P0C0I3"	27	"VTANAESNKQNTAST"	1
"P0C0I3"	28	"TANAESNKQNTASTE"	1
"P0C0I3"	29	"ANAESNKQNTASTET"	1
"P0C0I3"	30	"NAESNKQNTASTETT"	1
"P0C0I3"	31	"AESNKQNTASTETTT"	1
"P0C0I3"	32	"ESNKQNTASTETTTT"	1
"P0C0I3"	33	"SNKQNTASTETTTTN"	1
"P0C0I3"	34	"NKQNTASTETTTTNE"	1
"P0C0I3"	35	"KQNTASTETTTTNEQ"	1
"P0C0I3"	36	"QNTASTETTTTNEQP"	1
"P0C0I3"	37	"NTASTETTTTNEQPK"	1
"P0C0I3"	38	"TASTETTTTNEQPKP"	1
"P0C0I3"	39	"ASTETTTTNEQPKPE"	1
"P0C0I3"	40	"STETTTTNEQPKPES"	1
"P0C0I3"	41	"TETTTTNEQPKPESS"	1
"P0C0I3"	42	"ETTTTNEQPKPESSE"	1
"P0C0I3"	43	"TTTTNEQPKPESSEL"	1
"P0C0I3"	44	"TTTNEQPKPESSELT"	1
"P0C0I3"	45	"TTNEQPKPESSELTT"	1
"P0C0I3"	46	"TNEQPKPESSELTTE"	1
"P0C0I3"	47	"NEQPKPESSELTTEK"	1
"P0C0I3"	48	"EQPKPESSELTTEKA"	1
"P0C0I3"	49	"QPKPESSELTTEKAG"	1
"P0C0I3"	50	"PKPESSELTTEKAGQ"	1
"P0C0I3"	51	"KPESSELTTEKAGQK"	1
"P0C0I3"	52	"PESSELTTEKAGQKT"	1
"P0C0I3"	53	"ESSELTTEKAGQKTD"	1
"P0C0I3"	54	"SSELTTEKAGQKTDD"	1
"P0C0I3"	55	"SELTTEKAGQKTDDM"	1
"P0C0I3"	56	"ELTTEKAGQKTDDML"	1
"P0C0I3"	57	"LTTEKAGQKTDDMLN"	1
"P0C0I3"	58	"TTEKAGQKTDDMLNS"	1
"P0C0I3"	59	"TEKAGQKTDDMLNSN"	1
"P0C0I3"	60	"EKAGQKTDDMLNSND"	1
"P0C0I3"	61	"KAGQKTDDMLNSNDM"	1
"P0C0I3"	62	"AGQKTDDMLNSNDMI"	1
"P0C0I3"	63	"GQKTDDMLNSNDMIK"	1
"P0C0I3"	64	"QKTDDMLNSNDMIKL"	1
"P0C0I3"	65	"KTDDMLNSNDMIKLA"	1
"P0C0I3"	66	"TDDMLNSNDMIKLAP"	1
"P0C0I3"	67	"DDMLNSNDMIKLAPK"	1
"P0C0I3"	68	"DMLNSNDMIKLAPKE"	1
"P0C0I3"	69	"MLNSNDMIKLAPKEM"	1
"P0C0I3"	70	"LNSNDMIKLAPKEMP"	1
"P0C0I3"	71	"NSNDMIKLAPKEMPL"	1
"P0C0I3"	72	"SNDMIKLAPKEMPLE"	1
"P0C0I3"	73	"NDMIKLAPKEMPLES"	1
"P0C0I3"	74	"DMIKLAPKEMPLESA"	1
"P0C0I3"	75	"MIKLAPKEMPLESAE"	1
"P0C0I3"	76	"IKLAPKEMPLESAEK"	1
"P0C0I3"	77	"KLAPKEMPLESAEKE"	1
"P0C0I3"	78	"LAPKEMPLESAEKEE"	1
"P0C0I3"	79	"APKEMPLESAEKEEK"	1
"P0C0I3"	80	"PKEMPLESAEKEEKK"	1
"P0C0I3"	81	"KEMPLESAEKEEKKS"	1
"P0C0I3"	82	"EMPLESAEKEEKKSE"	1
"P0C0I3"	83	"MPLESAEKEEKKSED"	1
"P0C0I3"	84	"PLESAEKEEKKSEDK"	1
"P0C0I3"	85	"LESAEKEEKKSEDKK"	1
"P0C0I3"	86	"ESAEKEEKKSEDKKK"	1
"P0C0I3"	87	"SAEKEEKKSEDKKKS"	1
"P0C0I3"	88	"AEKEEKKSEDKKKSE"	1
"P0C0I3"	89	"EKEEKKSEDKKKSEE"	1
"P0C0I3"	90	"KEEKKSEDKKKSEED"	1
"P0C0I3"	91	"EEKKSEDKKKSEEDH"	1
"P0C0I3"	92	"EKKSEDKKKSEEDHT"	1
"P0C0I3"	93	"KKSEDKKKSEEDHTE"	1
"P0C0I3"	94	"KSEDKKKSEEDHTEE"	1
"P0C0I3"	95	"SEDKKKSEEDHTEEI"	1
"P0C0I3"	96	"EDKKKSEEDHTEEIN"	1
"P0C0I3"	97	"DKKKSEEDHTEEIND"	1
"P0C0I3"	102	"EEDHTEEINDKIYSL"	1
"P0C0I3"	103	"EDHTEEINDKIYSLN"	1
"P0C0I3"	104	"DHTEEINDKIYSLNY"	1
"P0C0I3"	105	"HTEEINDKIYSLNYN"	1
"P0C0I3"	106	"TEEINDKIYSLNYNE"	1
"P0C0I3"	107	"EEINDKIYSLNYNEL"	1
"P0C0I3"	108	"EINDKIYSLNYNELE"	1
"P0C0I3"	109	"INDKIYSLNYNELEV"	1
"P0C0I3"	110	"NDKIYSLNYNELEVL"	1
"P0C0I3"	111	"DKIYSLNYNELEVLA"	1
"P0C0I3"	112	"KIYSLNYNELEVLAK"	1
"P0C0I3"	113	"IYSLNYNELEVLAKN"	1
"P0C0I3"	114	"YSLNYNELEVLAKNG"	1
"P0C0I3"	115	"SLNYNELEVLAKNGE"	1
"P0C0I3"	116	"LNYNELEVLAKNGET"	1
"P0C0I3"	117	"NYNELEVLAKNGETI"	1
"P0C0I3"	118	"YNELEVLAKNGETIE"	1
"P0C0I3"	119	"NELEVLAKNGETIEN"	1
"P0C0I3"	120	"ELEVLAKNGETIENF"	1
"P0C0I3"	150	"ERKKKNINTTPVDIS"	1
"P0C0I3"	151	"RKKKNINTTPVDISI"	1
"P0C0I3"	152	"KKKNINTTPVDISII"	1
"P0C0I3"	153	"KKNINTTPVDISIID"	1
"P0C0I3"	154	"KNINTTPVDISIIDS"	1
"P0C0I3"	155	"NINTTPVDISIIDSV"	1
"P0C0I3"	156	"INTTPVDISIIDSVT"	1
"P0C0I3"	157	"NTTPVDISIIDSVTD"	1
"P0C0I3"	158	"TTPVDISIIDSVTDR"	1
"P0C0I3"	159	"TPVDISIIDSVTDRT"	1
"P0C0I3"	160	"PVDISIIDSVTDRTY"	1
"P0C0I3"	161	"VDISIIDSVTDRTYP"	1
"P0C0I3"	162	"DISIIDSVTDRTYPA"	1
"P0C0I3"	163	"ISIIDSVTDRTYPAA"	1
"P0C0I3"	164	"SIIDSVTDRTYPAAL"	1
"P0C0I3"	165	"IIDSVTDRTYPAALQ"	1
"P0C0I3"	166	"IDSVTDRTYPAALQL"	1
"P0C0I3"	167	"DSVTDRTYPAALQLA"	1
"P0C0I3"	472	"AYVAQYEILWDEINY"	1
"P0C0I3"	473	"YVAQYEILWDEINYD"	1
"P0C0I3"	474	"VAQYEILWDEINYDD"	1
"P0C0I3"	475	"AQYEILWDEINYDDK"	1
"P0C0I3"	476	"QYEILWDEINYDDKG"	1
"P0C0I3"	477	"YEILWDEINYDDKGK"	1
"P0C0I3"	478	"EILWDEINYDDKGKE"	1
"P0C0I3"	479	"ILWDEINYDDKGKEV"	1
"P0C0I3"	480	"LWDEINYDDKGKEVI"	1
"P0C0I3"	481	"WDEINYDDKGKEVIT"	1
"P0C0I3"	482	"DEINYDDKGKEVITK"	1
"P0C0I3"	483	"EINYDDKGKEVITKR"	1
"P0C0I3"	484	"INYDDKGKEVITKRR"	1
"P0C0I3"	485	"NYDDKGKEVITKRRW"	1
"P0C0I3"	486	"YDDKGKEVITKRRWD"	1
"P0C0I3"	487	"DDKGKEVITKRRWDN"	1
"P0C0I3"	488	"DKGKEVITKRRWDNN"	1
"P0C0I3"	489	"KGKEVITKRRWDNNW"	1
"P0C0I3"	490	"GKEVITKRRWDNNWY"	1
"P0C0I3"	491	"KEVITKRRWDNNWYS"	1
"P0C0I3"	492	"EVITKRRWDNNWYSK"	1
"P0C0I3"	493	"VITKRRWDNNWYSKT"	1
"P58099"	62	"ETKTPQTPDDAEETI"	1
"P58099"	63	"TKTPQTPDDAEETIA"	1
"P58099"	64	"KTPQTPDDAEETIAD"	1
"P58099"	65	"TPQTPDDAEETIADD"	1
"P58099"	66	"PQTPDDAEETIADDA"	1
"P58099"	67	"QTPDDAEETIADDAN"	1
"P58099"	68	"TPDDAEETIADDAND"	1
"P58099"	69	"PDDAEETIADDANDL"	1
"P58099"	70	"DDAEETIADDANDLA"	1
"P58099"	71	"DAEETIADDANDLAP"	1
"P58099"	72	"AEETIADDANDLAPQ"	1
"P58099"	73	"EETIADDANDLAPQA"	1
"P58099"	74	"ETIADDANDLAPQAP"	1
"P58099"	75	"TIADDANDLAPQAPA"	1
"P58099"	76	"IADDANDLAPQAPAK"	1
"P58099"	77	"ADDANDLAPQAPAKT"	1
"P58099"	78	"DDANDLAPQAPAKTA"	1
"P58099"	79	"DANDLAPQAPAKTAD"	1
"P58099"	80	"ANDLAPQAPAKTADT"	1
"P58099"	81	"NDLAPQAPAKTADTP"	1
"P58099"	82	"DLAPQAPAKTADTPA"	1
"P58099"	83	"LAPQAPAKTADTPAT"	1
"P58099"	84	"APQAPAKTADTPATS"	1
"P58099"	85	"PQAPAKTADTPATSK"	1
"P58099"	86	"QAPAKTADTPATSKA"	1
"P58099"	87	"APAKTADTPATSKAT"	1
"P58099"	88	"PAKTADTPATSKATI"	1
"P58099"	89	"AKTADTPATSKATIR"	1
"P58099"	90	"KTADTPATSKATIRD"	1
"P58099"	91	"TADTPATSKATIRDL"	1
"P58099"	92	"ADTPATSKATIRDLN"	1
"P58099"	93	"DTPATSKATIRDLND"	1
"P58099"	94	"TPATSKATIRDLNDP"	1
"P58099"	95	"PATSKATIRDLNDPS"	1
"P58099"	96	"ATSKATIRDLNDPSQ"	1
"P58099"	97	"TSKATIRDLNDPSQV"	1
"P58099"	98	"SKATIRDLNDPSQVK"	1
"P58099"	99	"KATIRDLNDPSQVKT"	1
"P58099"	100	"ATIRDLNDPSQVKTL"	1
"P58099"	101	"TIRDLNDPSQVKTLQ"	1
"P58099"	102	"IRDLNDPSQVKTLQE"	1
"P58099"	103	"RDLNDPSQVKTLQEK"	1
"P58099"	104	"DLNDPSQVKTLQEKA"	1
"P58099"	105	"LNDPSQVKTLQEKAG"	1
"P58099"	307	"LADHPDYGVVGTPAA"	1
"P58099"	308	"ADHPDYGVVGTPAAA"	1
"P58099"	309	"DHPDYGVVGTPAAAD"	1
"P58099"	310	"HPDYGVVGTPAAADS"	1
"P58099"	311	"PDYGVVGTPAAADST"	1
"P58099"	312	"DYGVVGTPAAADSTL"	1
"P58099"	313	"YGVVGTPAAADSTLT"	1
"P58099"	314	"GVVGTPAAADSTLTV"	1
"P58099"	315	"VVGTPAAADSTLTVA"	1
"P58099"	316	"VGTPAAADSTLTVAS"	1
"P58099"	317	"GTPAAADSTLTVASY"	1
"P58099"	318	"TPAAADSTLTVASYS"	1
"P58099"	319	"PAAADSTLTVASYSP"	1
"P58099"	320	"AAADSTLTVASYSPD"	1
"P58099"	321	"AADSTLTVASYSPDK"	1
"Q7DAL7"	79	"EDKEATTAIEAASSD"	1
"Q7DAL7"	80	"DKEATTAIEAASSDA"	1
"Q7DAL7"	81	"KEATTAIEAASSDAL"	1
"Q7DAL7"	82	"EATTAIEAASSDALE"	1
"Q7DAL7"	83	"ATTAIEAASSDALEA"	1
"Q7DAL7"	84	"TTAIEAASSDALEAL"	1
"Q7DAL7"	85	"TAIEAASSDALEALA"	1
"Q7DAL7"	86	"AIEAASSDALEALAD"	1
"Q7DAL7"	87	"IEAASSDALEALADQ"	1
"Q7DAL7"	88	"EAASSDALEALADQT"	1
"Q7DAL7"	89	"AASSDALEALADQTD"	1
"Q7DAL7"	90	"ASSDALEALADQTDA"	1
"Q7DAL7"	91	"SSDALEALADQTDAL"	1
"Q7DAL7"	92	"SDALEALADQTDALQ"	1
"Q7DAL7"	93	"DALEALADQTDALQS"	1
"Q7DAL7"	94	"ALEALADQTDALQSE"	1
"Q7DAL7"	95	"LEALADQTDALQSEE"	1
"Q7DAL7"	96	"EALADQTDALQSEEA"	1
"Q7DAL7"	97	"ALADQTDALQSEEAA"	1
"Q7DAL7"	98	"LADQTDALQSEEAAV"	1
"Q7DAL7"	99	"ADQTDALQSEEAAVV"	1
"Q7DAL7"	100	"DQTDALQSEEAAVVK"	1
"Q7DAL7"	101	"QTDALQSEEAAVVKA"	1
"Q7DAL7"	102	"TDALQSEEAAVVKAD"	1
"Q7DAL7"	107	"SEEAAVVKADNAASD"	1
"Q7DAL7"	108	"EEAAVVKADNAASDA"	1
"Q7DAL7"	109	"EAAVVKADNAASDAL"	1
"Q7DAL7"	110	"AAVVKADNAASDALE"	1
"Q7DAL7"	111	"AVVKADNAASDALEA"	1
"Q7DAL7"	112	"VVKADNAASDALEAL"	1
"Q7DAL7"	113	"VKADNAASDALEALA"	1
"Q7DAL7"	114	"KADNAASDALEALAD"	1
"Q7DAL7"	115	"ADNAASDALEALADQ"	1
"Q7DAL7"	116	"DNAASDALEALADQT"	1
"Q7DAL7"	117	"NAASDALEALADQTD"	1
"Q7DAL7"	118	"AASDALEALADQTDA"	1
"Q7DAL7"	119	"ASDALEALADQTDAL"	1
"Q7DAL7"	120	"SDALEALADQTDALQ"	1
"Q7DAL7"	121	"DALEALADQTDALQS"	1
"Q7DAL7"	122	"ALEALADQTDALQSE"	1
"Q7DAL7"	123	"LEALADQTDALQSEE"	1
"Q7DAL7"	124	"EALADQTDALQSEEA"	1
"Q7DAL7"	125	"ALADQTDALQSEEAE"	1
"Q7DAL7"	126	"LADQTDALQSEEAEV"	1
"Q7DAL7"	127	"ADQTDALQSEEAEVV"	1
"Q7DAL7"	128	"DQTDALQSEEAEVVQ"	1
"Q7DAL7"	129	"QTDALQSEEAEVVQS"	1
"Q7DAL7"	130	"TDALQSEEAEVVQSD"	1
"Q7DAL7"	181	"NTLPTTGEESNPFFT"	1
"Q7DAL7"	182	"TLPTTGEESNPFFTA"	1
"Q7DAL7"	183	"LPTTGEESNPFFTAA"	1
"Q7DAL7"	184	"PTTGEESNPFFTAAA"	1
"Q7DAL7"	185	"TTGEESNPFFTAAAL"	1
"Q7DAL7"	186	"TGEESNPFFTAAALA"	1
"Q7DAL7"	187	"GEESNPFFTAAALAI"	1
"Q7DAL7"	188	"EESNPFFTAAALAIM"	1
"Q7DAL7"	189	"ESNPFFTAAALAIMV"	1
"Q7DAL7"	190	"SNPFFTAAALAIMVS"	1
"Q7DAL7"	191	"NPFFTAAALAIMVST"	1
"Q7DAL7"	192	"PFFTAAALAIMVSTG"	1
"Q7DAL7"	193	"FFTAAALAIMVSTGV"	1
"Q7DAL7"	194	"FTAAALAIMVSTGVL"	1
"Q7DAL7"	195	"TAAALAIMVSTGVLV"	1
"Q99XV0"	15	"LKTGTASVAVALTVL"	1
"Q99XV0"	16	"KTGTASVAVALTVLG"	1
"Q99XV0"	17	"TGTASVAVALTVLGA"	1
"Q99XV0"	18	"GTASVAVALTVLGAG"	1
"Q99XV0"	19	"TASVAVALTVLGAGF"	1
"Q99XV0"	20	"ASVAVALTVLGAGFA"	1
"Q99XV0"	21	"SVAVALTVLGAGFAN"	1
"Q99XV0"	22	"VAVALTVLGAGFANQ"	1
"Q99XV0"	23	"AVALTVLGAGFANQT"	1
"Q99XV0"	24	"VALTVLGAGFANQTE"	1
"Q99XV0"	25	"ALTVLGAGFANQTEV"	1
"Q99XV0"	26	"LTVLGAGFANQTEVK"	1
"Q99XV0"	27	"TVLGAGFANQTEVKA"	1
"Q99XV0"	28	"VLGAGFANQTEVKAN"	1
"Q99XV0"	29	"LGAGFANQTEVKANG"	1
"Q99XV0"	30	"GAGFANQTEVKANGD"	1
"Q99XV0"	31	"AGFANQTEVKANGDG"	1
"Q99XV0"	32	"GFANQTEVKANGDGN"	1
"Q99XV0"	102	"EDQRKDLETKLKELQ"	1
"Q99XV0"	103	"DQRKDLETKLKELQQ"	1
"Q99XV0"	104	"QRKDLETKLKELQQD"	1
"Q99XV0"	105	"RKDLETKLKELQQDY"	1
"Q99XV0"	106	"KDLETKLKELQQDYD"	1
"Q99XV0"	107	"DLETKLKELQQDYDL"	1
"Q99XV0"	108	"LETKLKELQQDYDLA"	1
"Q99XV0"	109	"ETKLKELQQDYDLAK"	1
"Q99XV0"	110	"TKLKELQQDYDLAKE"	1
"Q99XV0"	111	"KLKELQQDYDLAKES"	1
"Q99XV0"	112	"LKELQQDYDLAKEST"	1
"Q99XV0"	113	"KELQQDYDLAKESTS"	1
"Q99XV0"	114	"ELQQDYDLAKESTSW"	1
"Q99XV0"	115	"LQQDYDLAKESTSWD"	1
"Q99XV0"	116	"QQDYDLAKESTSWDR"	1
"Q99XV0"	117	"QDYDLAKESTSWDRQ"	1
"Q99XV0"	118	"DYDLAKESTSWDRQR"	1
"Q99XV0"	119	"YDLAKESTSWDRQRL"	1
"Q99XV0"	120	"DLAKESTSWDRQRLE"	1
"Q99XV0"	121	"LAKESTSWDRQRLEK"	1
"Q99XV0"	221	"KEQLTIEKAKLEEEK"	1
"Q99XV0"	222	"EQLTIEKAKLEEEKQ"	1
"Q99XV0"	223	"QLTIEKAKLEEEKQI"	1
"Q99XV0"	224	"LTIEKAKLEEEKQIS"	1
"Q99XV0"	225	"TIEKAKLEEEKQISD"	1
"Q99XV0"	226	"IEKAKLEEEKQISDA"	1
"Q99XV0"	227	"EKAKLEEEKQISDAS"	1
"Q99XV0"	228	"KAKLEEEKQISDASR"	1
"Q99XV0"	229	"AKLEEEKQISDASRQ"	1
"Q99XV0"	230	"KLEEEKQISDASRQS"	1
"Q99XV0"	231	"LEEEKQISDASRQSL"	1
"Q99XV0"	232	"EEEKQISDASRQSLR"	1
"Q99XV0"	233	"EEKQISDASRQSLRR"	1
"Q99XV0"	234	"EKQISDASRQSLRRD"	1
"Q99XV0"	235	"KQISDASRQSLRRDL"	1
"Q99XV0"	236	"QISDASRQSLRRDLD"	1
"Q99XV0"	237	"ISDASRQSLRRDLDA"	1
"Q99XV0"	238	"SDASRQSLRRDLDAS"	1
"Q99XV0"	239	"DASRQSLRRDLDASR"	1
"Q99XV0"	240	"ASRQSLRRDLDASRE"	1
"Q99XV0"	241	"SRQSLRRDLDASREA"	1
"Q99XV0"	242	"RQSLRRDLDASREAK"	1
"Q99XV0"	243	"QSLRRDLDASREAKK"	1
"Q99XV0"	244	"SLRRDLDASREAKKQ"	1
"Q99XV0"	245	"LRRDLDASREAKKQV"	1
"Q99XV0"	246	"RRDLDASREAKKQVE"	1
"Q99XV0"	247	"RDLDASREAKKQVEK"	1
"Q99XV0"	248	"DLDASREAKKQVEKD"	1
"Q99XV0"	249	"LDASREAKKQVEKDL"	1
"Q99XV0"	250	"DASREAKKQVEKDLA"	1
"Q99XV0"	251	"ASREAKKQVEKDLAN"	1
"Q99XV0"	252	"SREAKKQVEKDLANL"	1
"Q99XV0"	253	"REAKKQVEKDLANLT"	1
"Q99XV0"	254	"EAKKQVEKDLANLTA"	1
"Q99XV0"	263	"LANLTAELDKVKEDK"	1
"Q99XV0"	264	"ANLTAELDKVKEDKQ"	1
"Q99XV0"	265	"NLTAELDKVKEDKQI"	1
"Q99XV0"	266	"LTAELDKVKEDKQIS"	1
"Q99XV0"	267	"TAELDKVKEDKQISD"	1
"Q99XV0"	268	"AELDKVKEDKQISDA"	1
"Q99XV0"	269	"ELDKVKEDKQISDAS"	1
"Q99XV0"	270	"LDKVKEDKQISDASR"	1
"Q99XV0"	271	"DKVKEDKQISDASRQ"	1
"Q99XV0"	272	"KVKEDKQISDASRQG"	1
"Q99XV0"	273	"VKEDKQISDASRQGL"	1
"Q99XV0"	274	"KEDKQISDASRQGLR"	1
"Q99XV0"	275	"EDKQISDASRQGLRR"	1
"Q99XV0"	276	"DKQISDASRQGLRRD"	1
"Q99XV0"	277	"KQISDASRQGLRRDL"	1
"Q99XV0"	278	"QISDASRQGLRRDLD"	1
"Q99XV0"	279	"ISDASRQGLRRDLDA"	1
"Q99XV0"	280	"SDASRQGLRRDLDAS"	1
"Q99XV0"	281	"DASRQGLRRDLDASR"	1
"Q99XV0"	282	"ASRQGLRRDLDASRE"	1
"Q99XV0"	283	"SRQGLRRDLDASREA"	1
"Q99XV0"	284	"RQGLRRDLDASREAK"	1
"Q99XV0"	285	"QGLRRDLDASREAKK"	1
"Q99XV0"	286	"GLRRDLDASREAKKQ"	1
"Q99XV0"	287	"LRRDLDASREAKKQV"	1
"Q99XV0"	288	"RRDLDASREAKKQVE"	1
"Q99XV0"	289	"RDLDASREAKKQVEK"	1
"Q99XV0"	290	"DLDASREAKKQVEKD"	1
"Q99XV0"	291	"LDASREAKKQVEKDL"	1
"Q99XV0"	292	"DASREAKKQVEKDLA"	1
"Q99XV0"	293	"ASREAKKQVEKDLAN"	1
"Q99XV0"	294	"SREAKKQVEKDLANL"	1
"Q99XV0"	295	"REAKKQVEKDLANLT"	1
"Q99XV0"	296	"EAKKQVEKDLANLTA"	1
"Q99XV0"	305	"LANLTAELDKVKEEK"	1
"Q99XV0"	306	"ANLTAELDKVKEEKQ"	1
"Q99XV0"	307	"NLTAELDKVKEEKQI"	1
"Q99XV0"	308	"LTAELDKVKEEKQIS"	1
"Q99XV0"	309	"TAELDKVKEEKQISD"	1
"Q99XV0"	310	"AELDKVKEEKQISDA"	1
"Q99XV0"	311	"ELDKVKEEKQISDAS"	1
"Q99XV0"	312	"LDKVKEEKQISDASR"	1
"Q99XV0"	313	"DKVKEEKQISDASRQ"	1
"Q99XV0"	314	"KVKEEKQISDASRQG"	1
"Q99XV0"	315	"VKEEKQISDASRQGL"	1
"Q99XV0"	316	"KEEKQISDASRQGLR"	1
"Q99XV0"	317	"EEKQISDASRQGLRR"	1
"Q99XV0"	318	"EKQISDASRQGLRRD"	1
"Q99XV0"	319	"KQISDASRQGLRRDL"	1
"Q99XV0"	320	"QISDASRQGLRRDLD"	1
"Q99XV0"	321	"ISDASRQGLRRDLDA"	1
"Q99XV0"	322	"SDASRQGLRRDLDAS"	1
"Q99XV0"	323	"DASRQGLRRDLDASR"	1
"Q99XV0"	324	"ASRQGLRRDLDASRE"	1
"Q99XV0"	325	"SRQGLRRDLDASREA"	1
"Q99XV0"	326	"RQGLRRDLDASREAK"	1
"Q99XV0"	327	"QGLRRDLDASREAKK"	1
"Q99XV0"	328	"GLRRDLDASREAKKQ"	1
"Q99XV0"	329	"LRRDLDASREAKKQV"	1
"Q99XV0"	330	"RRDLDASREAKKQVE"	1
"Q99XV0"	331	"RDLDASREAKKQVEK"	1
"Q99XV0"	332	"DLDASREAKKQVEKA"	1
"Q99XV0"	333	"LDASREAKKQVEKAL"	1
"Q99XV0"	334	"DASREAKKQVEKALE"	1
"Q99XV0"	335	"ASREAKKQVEKALEE"	1
"Q99XV0"	336	"SREAKKQVEKALEEA"	1
"Q99XV0"	337	"REAKKQVEKALEEAN"	1
"Q99XV0"	338	"EAKKQVEKALEEANS"	1
"Q99XV0"	339	"AKKQVEKALEEANSK"	1
"Q99XV0"	340	"KKQVEKALEEANSKL"	1
"Q99XV0"	341	"KQVEKALEEANSKLA"	1
"Q99XV0"	342	"QVEKALEEANSKLAA"	1
"Q99XV0"	343	"VEKALEEANSKLAAL"	1
"Q99XV0"	344	"EKALEEANSKLAALE"	1
"Q99XV0"	345	"KALEEANSKLAALEK"	1
"Q99XV0"	346	"ALEEANSKLAALEKL"	1
"Q99XV0"	347	"LEEANSKLAALEKLN"	1
"Q99XV0"	348	"EEANSKLAALEKLNK"	1
"Q99XV0"	349	"EANSKLAALEKLNKE"	1
"Q99XV0"	350	"ANSKLAALEKLNKEL"	1
"Q99XV0"	351	"NSKLAALEKLNKELE"	1
"Q99XV0"	382	"LEAEAKALKEQLAKQ"	1
"Q99XV0"	383	"EAEAKALKEQLAKQA"	1
"Q99XV0"	384	"AEAKALKEQLAKQAE"	1
"Q99XV0"	385	"EAKALKEQLAKQAEE"	1
"Q99XV0"	386	"AKALKEQLAKQAEEL"	1
"Q99XV0"	387	"KALKEQLAKQAEELA"	1
"Q99XV0"	388	"ALKEQLAKQAEELAK"	1
"Q99XV0"	389	"LKEQLAKQAEELAKL"	1
"Q99XV0"	390	"KEQLAKQAEELAKLR"	1
"Q99XV0"	391	"EQLAKQAEELAKLRA"	1
"Q99XV0"	392	"QLAKQAEELAKLRAG"	1
"Q99XV0"	393	"LAKQAEELAKLRAGK"	1
"Q99XV0"	394	"AKQAEELAKLRAGKA"	1
"Q99XV0"	395	"KQAEELAKLRAGKAS"	1
"Q99XV0"	396	"QAEELAKLRAGKASD"	1
"Q99XV0"	397	"AEELAKLRAGKASDS"	1
"Q99XV0"	398	"EELAKLRAGKASDSQ"	1
"Q99XV0"	399	"ELAKLRAGKASDSQT"	1
"Q99XV0"	400	"LAKLRAGKASDSQTP"	1
"Q99XV0"	401	"AKLRAGKASDSQTPD"	1
"Q99XV0"	402	"KLRAGKASDSQTPDT"	1
"Q99XV0"	403	"LRAGKASDSQTPDTK"	1
"Q99XV0"	404	"RAGKASDSQTPDTKP"	1
"Q99XV0"	405	"AGKASDSQTPDTKPG"	1
"Q99XV0"	406	"GKASDSQTPDTKPGN"	1
"Q99XV0"	407	"KASDSQTPDTKPGNK"	1
"Q99XV0"	408	"ASDSQTPDTKPGNKA"	1
"Q99XV0"	409	"SDSQTPDTKPGNKAV"	1
"Q99XV0"	452	"STGETANPFFTAAAL"	1
"Q99XV0"	453	"TGETANPFFTAAALT"	1
"Q99XV0"	454	"GETANPFFTAAALTV"	1
"Q99XV0"	455	"ETANPFFTAAALTVM"	1
"Q99XV0"	456	"TANPFFTAAALTVMA"	1
"Q99XV0"	457	"ANPFFTAAALTVMAT"	1
"Q99XV0"	458	"NPFFTAAALTVMATA"	1
"Q99XV0"	459	"PFFTAAALTVMATAG"	1
"Q99XV0"	460	"FFTAAALTVMATAGV"	1
"Q99XV0"	461	"FTAAALTVMATAGVA"	1
"Q99XV0"	462	"TAAALTVMATAGVAA"	1
"Q99XV0"	463	"AAALTVMATAGVAAV"	1
"Q99XV0"	464	"AALTVMATAGVAAVV"	1
"Q99XV0"	465	"ALTVMATAGVAAVVK"	1
"Q99XV0"	466	"LTVMATAGVAAVVKR"	1
"Q99XV0"	467	"TVMATAGVAAVVKRK"	1
"Q99XV0"	468	"VMATAGVAAVVKRKE"	1
"Q99XV0"	469	"MATAGVAAVVKRKEE"	1
"Q99XV0"	470	"ATAGVAAVVKRKEEN"	1
"Q99Y99"	88	"SDSSQSAIGSSDNKA"	1
"Q99Y99"	89	"DSSQSAIGSSDNKAE"	1
"Q99Y99"	90	"SSQSAIGSSDNKAEA"	1
"Q99Y99"	91	"SQSAIGSSDNKAEAE"	1
"Q99Y99"	92	"QSAIGSSDNKAEAEN"	1
"Q99Y99"	93	"SAIGSSDNKAEAENQ"	1
"Q99Y99"	94	"AIGSSDNKAEAENQV"	1
"Q99Y99"	95	"IGSSDNKAEAENQVD"	1
"Q99Y99"	96	"GSSDNKAEAENQVDD"	1
"Q99Y99"	97	"SSDNKAEAENQVDDK"	1
"Q99Y99"	98	"SDNKAEAENQVDDKS"	1
"Q99Y99"	99	"DNKAEAENQVDDKST"	1
"Q99Y99"	100	"NKAEAENQVDDKSTD"	1
"Q99Y99"	101	"KAEAENQVDDKSTDH"	1
"Q99Y99"	102	"AEAENQVDDKSTDHS"	1
"Q99Y99"	103	"EAENQVDDKSTDHSK"	1
"Q99Y99"	104	"AENQVDDKSTDHSKS"	1
"Q99Y99"	105	"ENQVDDKSTDHSKST"	1
"Q99Y99"	106	"NQVDDKSTDHSKSTD"	1
"Q99Y99"	107	"QVDDKSTDHSKSTDH"	1
"Q99Y99"	108	"VDDKSTDHSKSTDHS"	1
"Q99Y99"	109	"DDKSTDHSKSTDHSK"	1
"Q99Y99"	110	"DKSTDHSKSTDHSKP"	1
"Q99Y99"	111	"KSTDHSKSTDHSKPT"	1
"Q99Y99"	112	"STDHSKSTDHSKPTD"	1
"Q99Y99"	113	"TDHSKSTDHSKPTDQ"	1
"Q99Y99"	144	"SKQLPEARTPIQSLS"	1
"Q99Y99"	145	"KQLPEARTPIQSLSP"	1
"Q99Y99"	146	"QLPEARTPIQSLSPY"	1
"Q99Y99"	147	"LPEARTPIQSLSPYV"	1
"Q99Y99"	148	"PEARTPIQSLSPYVS"	1
"Q99Y99"	149	"EARTPIQSLSPYVSD"	1
"Q99Y99"	150	"ARTPIQSLSPYVSDL"	1
"Q99Y99"	151	"RTPIQSLSPYVSDLD"	1
"Q99Y99"	152	"TPIQSLSPYVSDLDL"	1
"Q99Y99"	153	"PIQSLSPYVSDLDLS"	1
"Q99Y99"	154	"IQSLSPYVSDLDLSE"	1
"Q99Y99"	155	"QSLSPYVSDLDLSEI"	1
"Q99Y99"	156	"SLSPYVSDLDLSEID"	1
"Q99Y99"	157	"LSPYVSDLDLSEIDI"	1
"Q99Y99"	158	"SPYVSDLDLSEIDIP"	1
"Q99Y99"	159	"PYVSDLDLSEIDIPS"	1
"Q99Y99"	160	"YVSDLDLSEIDIPSV"	1
"Q99Y99"	161	"VSDLDLSEIDIPSVN"	1
"Q99Y99"	162	"SDLDLSEIDIPSVNT"	1
"Q99Y99"	163	"DLDLSEIDIPSVNTY"	1
"Q99Y99"	164	"LDLSEIDIPSVNTYA"	1
"Q99Y99"	322	"DGGVYFTDTTGSGKR"	1
"Q99Y99"	323	"GGVYFTDTTGSGKRR"	1
"Q99Y99"	324	"GVYFTDTTGSGKRRA"	1
"Q99Y99"	325	"VYFTDTTGSGKRRAQ"	1
"Q99Y99"	326	"YFTDTTGSGKRRAQI"	1
"Q99Y99"	327	"FTDTTGSGKRRAQIM"	1
"Q99Y99"	328	"TDTTGSGKRRAQIME"	1
"Q99Y99"	329	"DTTGSGKRRAQIMED"	1
"Q99Y99"	330	"TTGSGKRRAQIMEDL"	1
"Q99Y99"	331	"TGSGKRRAQIMEDLD"	1
"Q99Y99"	332	"GSGKRRAQIMEDLDK"	1
"Q99Y99"	333	"SGKRRAQIMEDLDKW"	1
"Q99Y99"	334	"GKRRAQIMEDLDKWI"	1
"Q99Y99"	335	"KRRAQIMEDLDKWID"	1
"Q99Y99"	336	"RRAQIMEDLDKWIDD"	1
"Q99Y99"	337	"RAQIMEDLDKWIDDH"	1
"Q99Y99"	338	"AQIMEDLDKWIDDHG"	1
"Q99Y99"	339	"QIMEDLDKWIDDHGG"	1
"Q99Y99"	340	"IMEDLDKWIDDHGGT"	1
"Q99Y99"	341	"MEDLDKWIDDHGGTP"	1
"Q99Y99"	342	"EDLDKWIDDHGGTPA"	1
"Q99Y99"	343	"DLDKWIDDHGGTPAI"	1
"Q99Y99"	344	"LDKWIDDHGGTPAIP"	1
"Q99Y99"	345	"DKWIDDHGGTPAIPA"	1
"Q99Y99"	346	"KWIDDHGGTPAIPAE"	1
"Q99Y99"	347	"WIDDHGGTPAIPAEL"	1
"Q99Y99"	348	"IDDHGGTPAIPAELK"	1
"Q99Y99"	349	"DDHGGTPAIPAELKV"	1
"Q99YL6"	160	"DQFLSEDSHHPAKQN"	1
"Q99YL6"	161	"QFLSEDSHHPAKQNT"	1
"Q99YL6"	162	"FLSEDSHHPAKQNTK"	1
"Q99YL6"	163	"LSEDSHHPAKQNTKK"	1
"Q99YL6"	164	"SEDSHHPAKQNTKKG"	1
"Q99YL6"	165	"EDSHHPAKQNTKKGW"	1
"Q99YL6"	166	"DSHHPAKQNTKKGWL"	1
"Q99YL6"	167	"SHHPAKQNTKKGWLI"	1
"Q99YL6"	168	"HHPAKQNTKKGWLIA"	1
"Q99YL6"	169	"HPAKQNTKKGWLIAL"	1
"Q99YL6"	170	"PAKQNTKKGWLIALF"	1
"Q99YL6"	171	"AKQNTKKGWLIALFL"	1
"Q99YL6"	172	"KQNTKKGWLIALFLL"	1
"Q99YL6"	173	"QNTKKGWLIALFLLL"	1
"Q99YL6"	174	"NTKKGWLIALFLLLL"	1
"Q99YL6"	175	"TKKGWLIALFLLLLA"	1
"Q99YL6"	176	"KKGWLIALFLLLLAI"	1
"Q99YL6"	177	"KGWLIALFLLLLAIL"	1
"Q99YL6"	216	"TKTSLQTDSAKKATR"	1
"Q99YL6"	217	"KTSLQTDSAKKATRL"	1
"Q99YL6"	218	"TSLQTDSAKKATRLK"	1
"Q99YL6"	219	"SLQTDSAKKATRLKA"	1
"Q99YL6"	220	"LQTDSAKKATRLKAA"	1
"Q99YL6"	221	"QTDSAKKATRLKAAA"	1
"Q99YL6"	222	"TDSAKKATRLKAAAK"	1
"Q99YL6"	223	"DSAKKATRLKAAAKA"	1
"Q99YL6"	224	"SAKKATRLKAAAKAF"	1
"Q99YL6"	225	"AKKATRLKAAAKAFE"	1
"Q99YL6"	226	"KKATRLKAAAKAFEK"	1
"Q99YL6"	227	"KATRLKAAAKAFEKL"	1
"Q99YL6"	228	"ATRLKAAAKAFEKLY"	1
"Q99YL6"	229	"TRLKAAAKAFEKLYG"	1
"Q99YL6"	230	"RLKAAAKAFEKLYGT"	1
"Q99YL6"	275	"SAYYDKAKAKVDSLK"	1
"Q99YL6"	276	"AYYDKAKAKVDSLKK"	1
"Q99YL6"	277	"YYDKAKAKVDSLKKA"	1
"Q99YL6"	278	"YDKAKAKVDSLKKAI"	1
"Q99YL6"	279	"DKAKAKVDSLKKAIA"	1
"Q99YL6"	280	"KAKAKVDSLKKAIAA"	1
"Q99YL6"	281	"AKAKVDSLKKAIAAI"	1
"Q99YL6"	282	"KAKVDSLKKAIAAIT"	1
"Q99YL6"	283	"AKVDSLKKAIAAITA"	1
"Q99YL6"	284	"KVDSLKKAIAAITAV"	1
"Q99YL6"	285	"VDSLKKAIAAITAVN"	1
"Q99YL6"	286	"DSLKKAIAAITAVNG"	1
"Q99YL6"	287	"SLKKAIAAITAVNGK"	1
"Q99YL6"	288	"LKKAIAAITAVNGKF"	1
"Q99YL6"	289	"KKAIAAITAVNGKFV"	1
"Q99YL6"	290	"KAIAAITAVNGKFVS"	1
"Q99YL6"	291	"AIAAITAVNGKFVSD"	1
"Q99Z76"	490	"LVAAADNGIEDIRPL"	1
"Q99Z76"	491	"VAAADNGIEDIRPLG"	1
"Q99Z76"	492	"AAADNGIEDIRPLGQ"	1
"Q99Z76"	493	"AADNGIEDIRPLGQL"	1
"Q99Z76"	494	"ADNGIEDIRPLGQLP"	1
"Q99Z76"	495	"DNGIEDIRPLGQLPN"	1
"Q99Z76"	496	"NGIEDIRPLGQLPNL"	1
"Q99Z76"	497	"GIEDIRPLGQLPNLK"	1
"Q99Z76"	498	"IEDIRPLGQLPNLKF"	1
"Q99Z76"	499	"EDIRPLGQLPNLKFL"	1
"Q99Z76"	500	"DIRPLGQLPNLKFLV"	1
"Q99Z76"	501	"IRPLGQLPNLKFLVL"	1
"Q99Z76"	502	"RPLGQLPNLKFLVLS"	1
"Q99Z76"	503	"PLGQLPNLKFLVLSN"	1
"Q99Z76"	504	"LGQLPNLKFLVLSNN"	1
"Q99Z76"	752	"YNHNHTYEDEEGHAH"	1
"Q99Z76"	753	"NHNHTYEDEEGHAHE"	1
"Q99Z76"	754	"HNHTYEDEEGHAHEH"	1
"Q99Z76"	755	"NHTYEDEEGHAHEHR"	1
"Q99Z76"	756	"HTYEDEEGHAHEHRD"	1
"Q99Z76"	757	"TYEDEEGHAHEHRDK"	1
"Q99Z76"	758	"YEDEEGHAHEHRDKD"	1
"Q99Z76"	759	"EDEEGHAHEHRDKDD"	1
"Q99Z76"	760	"DEEGHAHEHRDKDDH"	1
"Q99Z76"	761	"EEGHAHEHRDKDDHD"	1
"Q99Z76"	762	"EGHAHEHRDKDDHDH"	1
"Q99Z76"	763	"GHAHEHRDKDDHDHE"	1
"Q99Z76"	764	"HAHEHRDKDDHDHEH"	1
"Q99Z76"	765	"AHEHRDKDDHDHEHE"	1
"Q99Z76"	766	"HEHRDKDDHDHEHED"	1
"Q99Z76"	767	"EHRDKDDHDHEHEDE"	1
"Q99Z76"	768	"HRDKDDHDHEHEDEN"	1
"Q99Z76"	769	"RDKDDHDHEHEDENE"	1
"Q99Z76"	770	"DKDDHDHEHEDENEA"	1
"Q99Z76"	771	"KDDHDHEHEDENEAK"	1
"Q99Z76"	772	"DDHDHEHEDENEAKD"	1
"Q99Z76"	773	"DHDHEHEDENEAKDE"	1
"Q99Z76"	774	"HDHEHEDENEAKDEQ"	1
"Q99Z76"	775	"DHEHEDENEAKDEQN"	1
"Q99Z76"	776	"HEHEDENEAKDEQNH"	1
"Q99Z76"	777	"EHEDENEAKDEQNHA"	1
"Q99Z76"	778	"HEDENEAKDEQNHAD"	1
"Q99ZH4"	115	"KAAGDNEGVKFVIID"	1
"Q99ZH4"	116	"AAGDNEGVKFVIIDD"	1
"Q99ZH4"	117	"AGDNEGVKFVIIDDI"	1
"Q99ZH4"	118	"GDNEGVKFVIIDDII"	1
"Q99ZH4"	119	"DNEGVKFVIIDDIIE"	1
"Q99ZH4"	120	"NEGVKFVIIDDIIEG"	1
"Q99ZH4"	121	"EGVKFVIIDDIIEGK"	1
"Q99ZH4"	122	"GVKFVIIDDIIEGKD"	1
"Q99ZH4"	123	"VKFVIIDDIIEGKDN"	1
"Q99ZH4"	124	"KFVIIDDIIEGKDNV"	1
"Q99ZH4"	125	"FVIIDDIIEGKDNVA"	1
"Q99ZH4"	126	"VIIDDIIEGKDNVAS"	1
"Q99ZH4"	127	"IIDDIIEGKDNVASV"	1
"Q99ZH4"	128	"IDDIIEGKDNVASVT"	1
"Q99ZH4"	129	"DDIIEGKDNVASVTF"	1
"Q9A147"	16	"SLVPLATAQAQEWTP"	1
"Q9A147"	17	"LVPLATAQAQEWTPR"	1
"Q9A147"	18	"VPLATAQAQEWTPRS"	1
"Q9A147"	19	"PLATAQAQEWTPRSV"	1
"Q9A147"	20	"LATAQAQEWTPRSVT"	1
"Q9A147"	21	"ATAQAQEWTPRSVTE"	1
"Q9A147"	22	"TAQAQEWTPRSVTEI"	1
"Q9A147"	23	"AQAQEWTPRSVTEIK"	1
"Q9A147"	24	"QAQEWTPRSVTEIKS"	1
"Q9A147"	25	"AQEWTPRSVTEIKSE"	1
"Q9A147"	26	"QEWTPRSVTEIKSEL"	1
"Q9A147"	27	"EWTPRSVTEIKSELV"	1
"Q9A147"	28	"WTPRSVTEIKSELVL"	1
"Q9A147"	29	"TPRSVTEIKSELVLV"	1
"Q9A147"	30	"PRSVTEIKSELVLVD"	1
"Q9A147"	31	"RSVTEIKSELVLVDN"	1
"Q9A147"	32	"SVTEIKSELVLVDNV"	1
"Q9A147"	33	"VTEIKSELVLVDNVF"	1
"Q9A147"	34	"TEIKSELVLVDNVFT"	1
"Q9A147"	35	"EIKSELVLVDNVFTY"	1
"Q9A147"	133	"TVPMAPPATPSDVPT"	1
"Q9A147"	134	"VPMAPPATPSDVPTT"	1
"Q9A147"	135	"PMAPPATPSDVPTTP"	1
"Q9A147"	136	"MAPPATPSDVPTTPF"	1
"Q9A147"	137	"APPATPSDVPTTPFA"	1
"Q9A147"	138	"PPATPSDVPTTPFAS"	1
"Q9A147"	139	"PATPSDVPTTPFASA"	1
"Q9A147"	140	"ATPSDVPTTPFASAK"	1
"Q9A147"	141	"TPSDVPTTPFASAKP"	1
"Q9A147"	142	"PSDVPTTPFASAKPD"	1
"Q9A147"	143	"SDVPTTPFASAKPDS"	1
"Q9A147"	144	"DVPTTPFASAKPDSS"	1
"Q9A147"	145	"VPTTPFASAKPDSSV"	1
"Q9A147"	146	"PTTPFASAKPDSSVT"	1
"Q9A147"	147	"TTPFASAKPDSSVTA"	1
"Q9A147"	148	"TPFASAKPDSSVTAS"	1
"Q9A147"	149	"PFASAKPDSSVTASS"	1
"Q9A147"	150	"FASAKPDSSVTASSE"	1
"Q9A147"	151	"ASAKPDSSVTASSEL"	1
"Q9A147"	152	"SAKPDSSVTASSELT"	1
"Q9A147"	153	"AKPDSSVTASSELTS"	1
"Q9A147"	154	"KPDSSVTASSELTSS"	1
"Q9A1H3"	29	"GVSHQVKADDRASGE"	1
"Q9A1H3"	30	"VSHQVKADDRASGET"	1
"Q9A1H3"	31	"SHQVKADDRASGETK"	1
"Q9A1H3"	32	"HQVKADDRASGETKA"	1
"Q9A1H3"	33	"QVKADDRASGETKAS"	1
"Q9A1H3"	34	"VKADDRASGETKASN"	1
"Q9A1H3"	35	"KADDRASGETKASNT"	1
"Q9A1H3"	36	"ADDRASGETKASNTH"	1
"Q9A1H3"	37	"DDRASGETKASNTHD"	1
"Q9A1H3"	38	"DRASGETKASNTHDD"	1
"Q9A1H3"	39	"RASGETKASNTHDDS"	1
"Q9A1H3"	40	"ASGETKASNTHDDSL"	1
"Q9A1H3"	41	"SGETKASNTHDDSLP"	1
"Q9A1H3"	42	"GETKASNTHDDSLPK"	1
"Q9A1H3"	43	"ETKASNTHDDSLPKP"	1
"Q9A1H3"	44	"TKASNTHDDSLPKPE"	1
"Q9A1H3"	45	"KASNTHDDSLPKPET"	1
"Q9A1H3"	95	"INHLKEQQDNEQKAL"	1
"Q9A1H3"	96	"NHLKEQQDNEQKALT"	1
"Q9A1H3"	97	"HLKEQQDNEQKALTS"	1
"Q9A1H3"	98	"LKEQQDNEQKALTSA"	1
"Q9A1H3"	99	"KEQQDNEQKALTSAQ"	1
"Q9A1H3"	100	"EQQDNEQKALTSAQE"	1
"Q9A1H3"	101	"QQDNEQKALTSAQEI"	1
"Q9A1H3"	102	"QDNEQKALTSAQEIY"	1
"Q9A1H3"	103	"DNEQKALTSAQEIYT"	1
"Q9A1H3"	104	"NEQKALTSAQEIYTN"	1
"Q9A1H3"	105	"EQKALTSAQEIYTNT"	1
"Q9A1H3"	106	"QKALTSAQEIYTNTL"	1
"Q9A1H3"	107	"KALTSAQEIYTNTLA"	1
"Q9A1H3"	108	"ALTSAQEIYTNTLAS"	1
"Q9A1H3"	109	"LTSAQEIYTNTLASS"	1
"Q9A1H3"	110	"TSAQEIYTNTLASSE"	1
"Q9A1H3"	111	"SAQEIYTNTLASSEE"	1
"Q9A1H3"	112	"AQEIYTNTLASSEET"	1
"Q9A1H3"	113	"QEIYTNTLASSEETL"	1
"Q9A1H3"	114	"EIYTNTLASSEETLL"	1
"Q9A1H3"	122	"SSEETLLAQGAEHQR"	1
"Q9A1H3"	123	"SEETLLAQGAEHQRE"	1
"Q9A1H3"	124	"EETLLAQGAEHQREL"	1
"Q9A1H3"	125	"ETLLAQGAEHQRELT"	1
"Q9A1H3"	126	"TLLAQGAEHQRELTA"	1
"Q9A1H3"	127	"LLAQGAEHQRELTAT"	1
"Q9A1H3"	128	"LAQGAEHQRELTATE"	1
"Q9A1H3"	129	"AQGAEHQRELTATET"	1
"Q9A1H3"	130	"QGAEHQRELTATETE"	1
"Q9A1H3"	131	"GAEHQRELTATETEL"	1
"Q9A1H3"	132	"AEHQRELTATETELH"	1
"Q9A1H3"	133	"EHQRELTATETELHN"	1
"Q9A1H3"	134	"HQRELTATETELHNA"	1
"Q9A1H3"	135	"QRELTATETELHNAQ"	1
"Q9A1H3"	136	"RELTATETELHNAQA"	1
"Q9A1H3"	137	"ELTATETELHNAQAD"	1
"Q9A1H3"	138	"LTATETELHNAQADQ"	1
"Q9A1H3"	139	"TATETELHNAQADQH"	1
"Q9A1H3"	140	"ATETELHNAQADQHS"	1
"Q9A1H3"	141	"TETELHNAQADQHSK"	1
"Q9A1H3"	142	"ETELHNAQADQHSKE"	1
"Q9A1H3"	178	"EQVKTSEQNIAKLNA"	1
"Q9A1H3"	179	"QVKTSEQNIAKLNAM"	1
"Q9A1H3"	180	"VKTSEQNIAKLNAMI"	1
"Q9A1H3"	181	"KTSEQNIAKLNAMIS"	1
"Q9A1H3"	182	"TSEQNIAKLNAMISN"	1
"Q9A1H3"	183	"SEQNIAKLNAMISNP"	1
"Q9A1H3"	184	"EQNIAKLNAMISNPD"	1
"Q9A1H3"	185	"QNIAKLNAMISNPDA"	1
"Q9A1H3"	186	"NIAKLNAMISNPDAI"	1
"Q9A1H3"	187	"IAKLNAMISNPDAIT"	1
"Q9A1H3"	188	"AKLNAMISNPDAITK"	1
"Q9A1H3"	189	"KLNAMISNPDAITKA"	1
"Q9A1H3"	190	"LNAMISNPDAITKAA"	1
"Q9A1H3"	191	"NAMISNPDAITKAAQ"	1
"Q9A1H3"	192	"AMISNPDAITKAAQT"	1
"Q9A1H3"	193	"MISNPDAITKAAQTA"	1
"Q9A1H3"	194	"ISNPDAITKAAQTAN"	1
"Q9A1H3"	195	"SNPDAITKAAQTAND"	1
"Q9A1H3"	196	"NPDAITKAAQTANDN"	1
"Q9A1H3"	197	"PDAITKAAQTANDNT"	1
"Q9A1H3"	198	"DAITKAAQTANDNTK"	1
"Q9A1H3"	199	"AITKAAQTANDNTKA"	1
"Q9A1H3"	200	"ITKAAQTANDNTKAL"	1
"Q9A1H3"	201	"TKAAQTANDNTKALS"	1
"Q9A1H3"	202	"KAAQTANDNTKALSS"	1
"Q9A1H3"	203	"AAQTANDNTKALSSE"	1
"Q9A1H3"	204	"AQTANDNTKALSSEL"	1
"Q9A1H3"	205	"QTANDNTKALSSELE"	1
"Q9A1H3"	206	"TANDNTKALSSELEK"	1
"Q9A1H3"	207	"ANDNTKALSSELEKA"	1
"Q9A1H3"	208	"NDNTKALSSELEKAK"	1
"Q9A1H3"	209	"DNTKALSSELEKAKA"	1
"Q9A1H3"	736	"HLDEDIATVPDLQVA"	1
"Q9A1H3"	737	"LDEDIATVPDLQVAP"	1
"Q9A1H3"	738	"DEDIATVPDLQVAPP"	1
"Q9A1H3"	739	"EDIATVPDLQVAPPL"	1
"Q9A1H3"	740	"DIATVPDLQVAPPLT"	1
"Q9A1H3"	741	"IATVPDLQVAPPLTG"	1
"Q9A1H3"	742	"ATVPDLQVAPPLTGV"	1
"Q9A1H3"	743	"TVPDLQVAPPLTGVK"	1
"Q9A1H3"	744	"VPDLQVAPPLTGVKP"	1
"Q9A1H3"	745	"PDLQVAPPLTGVKPL"	1
"Q9A1H3"	746	"DLQVAPPLTGVKPLS"	1
"Q9A1H3"	747	"LQVAPPLTGVKPLSY"	1
"Q9A1H3"	748	"QVAPPLTGVKPLSYS"	1
"Q9A1H3"	749	"VAPPLTGVKPLSYSK"	1
"Q9A1H3"	750	"APPLTGVKPLSYSKI"	1
"Q9A1H3"	751	"PPLTGVKPLSYSKID"	1
"Q9A1H3"	752	"PLTGVKPLSYSKIDT"	1
"Q9A1H3"	753	"LTGVKPLSYSKIDTT"	1
"Q9A1H3"	754	"TGVKPLSYSKIDTTP"	1
"Q9A1H3"	755	"GVKPLSYSKIDTTPL"	1
"Q9A1H3"	756	"VKPLSYSKIDTTPLV"	1
"Q9A1H3"	757	"KPLSYSKIDTTPLVQ"	1
"Q9A1H3"	758	"PLSYSKIDTTPLVQE"	1
"Q9A1H3"	759	"LSYSKIDTTPLVQEM"	1
"Q9A1H3"	760	"SYSKIDTTPLVQEMV"	1
"Q9A1H3"	761	"YSKIDTTPLVQEMVK"	1
"Q9A1H3"	762	"SKIDTTPLVQEMVKE"	1
"Q9A1H3"	763	"KIDTTPLVQEMVKET"	1
"Q9A1H3"	764	"IDTTPLVQEMVKETK"	1
"Q9A1H3"	765	"DTTPLVQEMVKETKQ"	1
"Q9A1H3"	766	"TTPLVQEMVKETKQL"	1
"Q9A1H3"	767	"TPLVQEMVKETKQLL"	1
"Q9A1H3"	768	"PLVQEMVKETKQLLE"	1
"Q9A1H3"	769	"LVQEMVKETKQLLEA"	1
"Q9A1H3"	770	"VQEMVKETKQLLEAS"	1
"Q9A1H3"	771	"QEMVKETKQLLEASA"	1
"Q9A1H3"	772	"EMVKETKQLLEASAR"	1
"Q9A1H3"	773	"MVKETKQLLEASARL"	1
"Q9A1H3"	774	"VKETKQLLEASARLA"	1
"Q9A1H3"	775	"KETKQLLEASARLAA"	1
"Q9A1H3"	849	"RALKAGVVMLAAVGL"	1
"Q9A1H3"	850	"ALKAGVVMLAAVGLT"	1
"Q9A1H3"	851	"LKAGVVMLAAVGLTG"	1
"Q9A1H3"	852	"KAGVVMLAAVGLTGF"	1
"Q9A1H3"	853	"AGVVMLAAVGLTGFR"	1
"Q9A1H3"	854	"GVVMLAAVGLTGFRF"	1
"Q9A1H3"	855	"VVMLAAVGLTGFRFR"	1
"Q9A1H3"	856	"VMLAAVGLTGFRFRK"	1
"Q9A1H3"	857	"MLAAVGLTGFRFRKE"	1
"Q9A1H3"	858	"LAAVGLTGFRFRKES"	1
"Q9A1H3"	859	"AAVGLTGFRFRKESK"	1
"Q9A1Z8"	20	"TTVGAEDLSTKIAKQ"	1
"Q9A1Z8"	21	"TVGAEDLSTKIAKQD"	1
"Q9A1Z8"	22	"VGAEDLSTKIAKQDS"	1
"Q9A1Z8"	23	"GAEDLSTKIAKQDSI"	1
"Q9A1Z8"	24	"AEDLSTKIAKQDSII"	1
"Q9A1Z8"	25	"EDLSTKIAKQDSIIS"	1
"Q9A1Z8"	26	"DLSTKIAKQDSIISN"	1
"Q9A1Z8"	27	"LSTKIAKQDSIISNL"	1
"Q9A1Z8"	28	"STKIAKQDSIISNLT"	1
"Q9A1Z8"	29	"TKIAKQDSIISNLTT"	1
"Q9A1Z8"	30	"KIAKQDSIISNLTTE"	1
"Q9A1Z8"	31	"IAKQDSIISNLTTEQ"	1
"Q9A1Z8"	32	"AKQDSIISNLTTEQK"	1
"Q9A1Z8"	33	"KQDSIISNLTTEQKA"	1
"Q9A1Z8"	34	"QDSIISNLTTEQKAA"	1
"Q9A1Z8"	35	"DSIISNLTTEQKAAQ"	1
"Q9A1Z8"	36	"SIISNLTTEQKAAQN"	1
"Q9A1Z8"	37	"IISNLTTEQKAAQNQ"	1
"Q9A1Z8"	38	"ISNLTTEQKAAQNQV"	1
"Q9A1Z8"	39	"SNLTTEQKAAQNQVS"	1
"Q9A1Z8"	40	"NLTTEQKAAQNQVSA"	1
"Q9A1Z8"	79	"LSKRFEQEIKALTSQ"	1
"Q9A1Z8"	80	"SKRFEQEIKALTSQI"	1
"Q9A1Z8"	81	"KRFEQEIKALTSQIV"	1
"Q9A1Z8"	82	"RFEQEIKALTSQIVA"	1
"Q9A1Z8"	83	"FEQEIKALTSQIVAR"	1
"Q9A1Z8"	84	"EQEIKALTSQIVARN"	1
"Q9A1Z8"	85	"QEIKALTSQIVARNE"	1
"Q9A1Z8"	86	"EIKALTSQIVARNEK"	1
"Q9A1Z8"	87	"IKALTSQIVARNEKL"	1
"Q9A1Z8"	88	"KALTSQIVARNEKLK"	1
"Q9A1Z8"	89	"ALTSQIVARNEKLKN"	1
"Q9A1Z8"	90	"LTSQIVARNEKLKNQ"	1
"Q9A1Z8"	91	"TSQIVARNEKLKNQA"	1
"Q9A1Z8"	92	"SQIVARNEKLKNQAR"	1
"Q9A1Z8"	93	"QIVARNEKLKNQARS"	1
"Q9A1Z8"	94	"IVARNEKLKNQARSA"	1
"Q9A1Z8"	95	"VARNEKLKNQARSAY"	1
"Q9A1Z8"	96	"ARNEKLKNQARSAYK"	1
"Q9A1Z8"	97	"RNEKLKNQARSAYKN"	1
"Q9A1Z8"	98	"NEKLKNQARSAYKNN"	1
"Q9A1Z8"	99	"EKLKNQARSAYKNNE"	1
"Q9A1Z8"	100	"KLKNQARSAYKNNET"	1
"Q9A1Z8"	101	"LKNQARSAYKNNETS"	1
"Q9A1Z8"	102	"KNQARSAYKNNETSG"	1
"Q9A1Z8"	103	"NQARSAYKNNETSGY"	1
"Q9A1Z8"	104	"QARSAYKNNETSGYI"	1
"Q9A1Z8"	105	"ARSAYKNNETSGYIN"	1
"Q9A1Z8"	106	"RSAYKNNETSGYINA"	1
"Q9A1Z8"	117	"YINALLNSKSISDVV"	1
"Q9A1Z8"	118	"INALLNSKSISDVVN"	1
"Q9A1Z8"	119	"NALLNSKSISDVVNR"	1
"Q9A1Z8"	120	"ALLNSKSISDVVNRL"	1
"Q9A1Z8"	121	"LLNSKSISDVVNRLV"	1
"Q9A1Z8"	122	"LNSKSISDVVNRLVA"	1
"Q9A1Z8"	123	"NSKSISDVVNRLVAI"	1
"Q9A1Z8"	124	"SKSISDVVNRLVAIN"	1
"Q9A1Z8"	125	"KSISDVVNRLVAINR"	1
"Q9A1Z8"	126	"SISDVVNRLVAINRA"	1
"Q9A1Z8"	127	"ISDVVNRLVAINRAV"	1
"Q9A1Z8"	128	"SDVVNRLVAINRAVS"	1
"Q9A1Z8"	129	"DVVNRLVAINRAVSA"	1
"Q9A1Z8"	130	"VVNRLVAINRAVSAN"	1
"Q9A1Z8"	131	"VNRLVAINRAVSANA"	1
"Q9A1Z8"	132	"NRLVAINRAVSANAK"	1
"Q9A1Z8"	133	"RLVAINRAVSANAKL"	1
"Q9A1Z8"	134	"LVAINRAVSANAKLL"	1
"Q9A1Z8"	135	"VAINRAVSANAKLLE"	1
"Q9A1Z8"	136	"AINRAVSANAKLLEQ"	1
"Q9A1Z8"	137	"INRAVSANAKLLEQQ"	1
"Q9A1Z8"	138	"NRAVSANAKLLEQQK"	1
"Q9A1Z8"	139	"RAVSANAKLLEQQKA"	1
"Q9A1Z8"	144	"NAKLLEQQKADKVSL"	1
"Q9A1Z8"	145	"AKLLEQQKADKVSLE"	1
"Q9A1Z8"	146	"KLLEQQKADKVSLEE"	1
"Q9A1Z8"	147	"LLEQQKADKVSLEEK"	1
"Q9A1Z8"	148	"LEQQKADKVSLEEKQ"	1
"Q9A1Z8"	149	"EQQKADKVSLEEKQA"	1
"Q9A1Z8"	150	"QQKADKVSLEEKQAA"	1
"Q9A1Z8"	151	"QKADKVSLEEKQAAN"	1
"Q9A1Z8"	152	"KADKVSLEEKQAANQ"	1
"Q9A1Z8"	153	"ADKVSLEEKQAANQT"	1
"Q9A1Z8"	154	"DKVSLEEKQAANQTA"	1
"Q9A1Z8"	155	"KVSLEEKQAANQTAI"	1
"Q9A1Z8"	156	"VSLEEKQAANQTAIN"	1
"Q9A1Z8"	157	"SLEEKQAANQTAINT"	1
"Q9A1Z8"	158	"LEEKQAANQTAINTI"	1
"Q9A1Z8"	159	"EEKQAANQTAINTIA"	1
"Q9A1Z8"	160	"EKQAANQTAINTIAA"	1
"Q9A1Z8"	161	"KQAANQTAINTIAAN"	1
"Q9A1Z8"	162	"QAANQTAINTIAANM"	1
"Q9A1Z8"	163	"AANQTAINTIAANMA"	1
"Q9A1Z8"	164	"ANQTAINTIAANMAM"	1
"Q9A1Z8"	165	"NQTAINTIAANMAMA"	1
"Q9A1Z8"	166	"QTAINTIAANMAMAE"	1
"Q9A1Z8"	167	"TAINTIAANMAMAEE"	1
"Q9A1Z8"	168	"AINTIAANMAMAEEN"	1
"Q9A1Z8"	190	"QANLVAATANLALQL"	1
"Q9A1Z8"	191	"ANLVAATANLALQLA"	1
"Q9A1Z8"	192	"NLVAATANLALQLAS"	1
"Q9A1Z8"	193	"LVAATANLALQLASA"	1
"Q9A1Z8"	194	"VAATANLALQLASAT"	1
"Q9A1Z8"	195	"AATANLALQLASATE"	1
"Q9A1Z8"	196	"ATANLALQLASATED"	1
"Q9A1Z8"	197	"TANLALQLASATEDK"	1
"Q9A1Z8"	198	"ANLALQLASATEDKA"	1
"Q9A1Z8"	199	"NLALQLASATEDKAN"	1
"Q9A1Z8"	200	"LALQLASATEDKANL"	1
"Q9A1Z8"	201	"ALQLASATEDKANLV"	1
"Q9A1Z8"	202	"LQLASATEDKANLVA"	1
"Q9A1Z8"	203	"QLASATEDKANLVAQ"	1
"Q9A1Z8"	204	"LASATEDKANLVAQK"	1
"Q9A1Z8"	205	"ASATEDKANLVAQKE"	1
"Q9A1Z8"	206	"SATEDKANLVAQKEA"	1
"Q9A1Z8"	207	"ATEDKANLVAQKEAA"	1
"Q9A1Z8"	208	"TEDKANLVAQKEAAE"	1
"Q9A1Z8"	209	"EDKANLVAQKEAAEK"	1
"Q9A1Z8"	210	"DKANLVAQKEAAEKA"	1
"Q9A1Z8"	211	"KANLVAQKEAAEKAA"	1
"Q9A1Z8"	212	"ANLVAQKEAAEKAAA"	1
"Q9A1Z8"	213	"NLVAQKEAAEKAAAE"	1
"Q9A1Z8"	214	"LVAQKEAAEKAAAEA"	1
"Q9A1Z8"	215	"VAQKEAAEKAAAEAL"	1
"Q9A1Z8"	216	"AQKEAAEKAAAEALA"	1
"Q9A1Z8"	217	"QKEAAEKAAAEALAQ"	1
"Q9A1Z8"	218	"KEAAEKAAAEALAQE"	1
"Q9A1Z8"	219	"EAAEKAAAEALAQEQ"	1
"Q9A1Z8"	220	"AAEKAAAEALAQEQA"	1
"Q9A1Z8"	221	"AEKAAAEALAQEQAA"	1
"Q9A1Z8"	222	"EKAAAEALAQEQAAK"	1
"Q9A1Z8"	223	"KAAAEALAQEQAAKV"	1
"Q9A1Z8"	224	"AAAEALAQEQAAKVK"	1
"Q9A1Z8"	225	"AAEALAQEQAAKVKA"	1
